{"cameraMode":{"drawMode":0,"name":"Shaded","section":"Shading Mode"},"sceneLighting":false,"audioPlay":false,"sceneViewState":{"showFog":true,"showMaterialUpdate":true,"showSkybox":false,"showFlares":true,"showImageEffects":true,"showParticleSystems":true},"in2DMode":false,"pivot":{"x":0.0063811540603637699,"y":1.2999999523162842,"z":-0.2610478103160858},"rotation":{"x":0.0027011223137378694,"y":-0.9681348204612732,"z":0.25019699335098269,"w":0.010452755726873875},"size":5.62114953994751,"orthographic":false}