{"cameraMode":{"drawMode":0,"name":"Shaded","section":"Shading Mode"},"sceneLighting":false,"audioPlay":false,"sceneViewState":{"showFog":true,"showMaterialUpdate":true,"showSkybox":false,"showFlares":true,"showImageEffects":true,"showParticleSystems":true},"in2DMode":false,"pivot":{"x":-42.400001525878909,"y":8.0,"z":22.700000762939454},"rotation":{"x":-0.09451290965080261,"y":0.8839539885520935,"z":-0.20371124148368836,"w":-0.4101153016090393},"size":34.015621185302737,"orthographic":false}