{"cameraMode":{"drawMode":0,"name":"Shaded","section":"Shading Mode"},"sceneLighting":false,"audioPlay":false,"sceneViewState":{"showFog":true,"showMaterialUpdate":true,"showSkybox":false,"showFlares":true,"showImageEffects":true,"showParticleSystems":true},"in2DMode":false,"pivot":{"x":-1.9053916931152344,"y":10.799999237060547,"z":-6.899999618530273},"rotation":{"x":-0.009226853959262371,"y":0.9539015889167786,"z":-0.02948320284485817,"w":-0.2985253632068634},"size":34.015621185302737,"orthographic":false}